class,start_prob,end_prob,delta,corr
glioma,0.005472788833425848,0.9998712349854744,0.9943984461520485,0.9305696354119617
meningioma,0.0008719118605292841,0.9994853855236355,0.9986134736631063,0.948355488289907
notumor,0.03098694143133547,0.9999839329591407,0.9689969915278052,0.8678823238749536
pituitary,0.009641288476966355,0.9999051524722827,0.9902638639953164,0.9205279319896696
